{"config": {"ri": false, "runtime": 100}, "species": {"default": {"mass": 1, "radius": 1, "tau": 0.2, "shape": 0.2, "mean": 0.2}, "small": {"mass": 0.1, "radius": 0.5, "tau": 0.1, "shape": 0.1, "mean": 0.1}}, "particles": {"1": {"position": [-3.7151640209251333, 4.791480712189319, 8.996886980524447], "velocity": [0.750552643296472, -0.24398214828475417, -0.8512225564478326], "species": "default"}, "2": {"position": [1.7516243308438497, -14.467712694473942, 9.972856704090042], "velocity": [2.9236852498321735, -0.5816351523733712, -1.4320609822663948], "species": "small"}, "3": {"position": [-8.630423580003844, -9.732089559493637, -0.7209812729012448], "velocity": [-1.0352256749041513, -0.48190103131553785, -1.774944121362029], "species": "default"}, "4": {"position": [-13.586969586731982, 0.350941815346026, 1.5091115684057854], "velocity": [1.1683821218432895, 2.5456647617649875, -0.6276864070237638], "species": "small"}, "5": {"position": [0.541291940212469, -6.112203755685643, 13.117614676225564], "velocity": [-1.6641449188078918, -2.726730748553177, 2.0458611438226795], "species": "small"}, "6": {"position": [14.768692596711432, 4.773505419666201, 12.685658815866592], "velocity": [1.2493791294800332, 1.9556579405838317, -0.629802124242123], "species": "small"}, "7": {"position": [-1.405032161678509, 12.394905211437603, 4.899436952464349], "velocity": [2.189868521734504, -2.299132490133095, -2.8079470159871835], "species": "small"}, "8": {"position": [10.451208952272538, 10.158888725958686, -8.52500804153387], "velocity": [-1.503152519702995, 1.947354059355174, 1.6491105789734934], "species": "small"}, "9": {"position": [5.1941253089378705, -9.45033339741628, 6.37813175091404], "velocity": [0.14238209067186158, 0.41329644251700337, 0.4981719893307801], "species": "small"}, "10": {"position": [-6.3024609541236565, 14.958549063380989, -8.650400085639887], "velocity": [-1.6960664498336147, 2.040531136937431, -1.906558281887035], "species": "small"}, "11": {"position": [-7.789085809032578, -4.540894745243232, 9.706435861077402], "velocity": [2.8528872451331893, -1.6001300941828054, -2.494404504748397], "species": "small"}, "12": {"position": [-10.03871242818665, -8.018807173132926, -7.385039238111267], "velocity": [-1.790081431886801, -1.0620656736708698, -1.5759484900921978], "species": "default"}, "13": {"position": [-10.7966150992976, -8.565778148688867, 2.2396821452653164], "velocity": [-0.7444373381155209, 0.16944409652484183, -0.18536359136886915], "species": "small"}, "14": {"position": [-13.725293566345474, -13.443569636110942, -12.324734301228098], "velocity": [2.690877893970849, -0.9719452960150932, 2.6793591680465285], "species": "default"}, "15": {"position": [10.659883437737108, 0.12742923354464608, 12.871074519615036], "velocity": [-1.861954878903367, 1.728831918652995, -2.5058483268787652], "species": "default"}, "16": {"position": [6.270929660500183, -8.463091666456663, 6.619258883792579], "velocity": [2.6664274342190373, -2.7032206019677334, -1.5083355278609543], "species": "small"}, "17": {"position": [0.008368216745669343, -13.953847052872678, 6.058757183806559], "velocity": [1.8488565682413958, 2.7518447221755293, 1.706046041997606], "species": "small"}, "18": {"position": [1.001662911450076, -10.514934863429108, -0.19238829209461272], "velocity": [-0.3675640299935079, -1.8458280796777375, -0.475402794825591], "species": "default"}, "19": {"position": [-4.827527867688206, -1.1964288209229483, -11.272259498755512], "velocity": [0.9601550927211133, 0.5128346995834021, -1.5452007516109545], "species": "default"}, "20": {"position": [2.6208217348503133, -1.2576621245908175, -11.73098372660858], "velocity": [2.5223107166261522, 2.0049061862118513, 0.45769980497773766], "species": "small"}, "21": {"position": [-7.156150217461658, -2.9436871252588634, -11.237739913854835], "velocity": [-1.3968699520149013, 2.4346909520215636, -2.0013871856959984], "species": "default"}, "22": {"position": [1.7737817805682035, 13.55488576521299, -0.9640012354027139], "velocity": [0.5769101444847244, 1.272713623103817, -2.6378646146473548], "species": "small"}, "23": {"position": [14.055055644549473, 2.8773620922144794, 3.668849157930225], "velocity": [-1.1573874537193547, 0.5668327777832918, 0.5821922585308537], "species": "default"}, "24": {"position": [-4.409525886749945, 1.6964410813151503, -2.260387854709826], "velocity": [2.247775524955655, 1.1763027385301354, -0.6329192803606016], "species": "default"}, "25": {"position": [-10.677110223584819, -13.47831662880064, 0.7210899634637116], "velocity": [-2.0603882523310713, -0.8002149974169672, -2.1835198655739565], "species": "default"}, "26": {"position": [0.753378130486233, 14.666837827369736, -3.634573669901828], "velocity": [0.36415560805749614, 2.8665863298401133, 0.3157863619000567], "species": "default"}, "27": {"position": [4.496386421891103, 7.5268266956799685, 5.957914504435166], "velocity": [0.8404423947152018, -0.7738572127485197, -2.7851691885275205], "species": "small"}, "28": {"position": [-9.259513942897446, -13.950767876723745, 7.900353838223143], "velocity": [0.40140790679593774, 1.9106006315136579, -0.5413910251418237], "species": "default"}, "29": {"position": [-0.39247604993994223, -0.3640991062098955, -8.347018695738065], "velocity": [-1.7401215339365175, 1.558737383729519, 0.8463737038824322], "species": "default"}, "30": {"position": [6.02618167138052, -11.38709065958875, 14.84410598349302], "velocity": [-2.381037835111905, -2.9592086297334914, -1.4197752606185168], "species": "small"}}}