{
    "config" : {
        "ri" : false,
        "runtime" : 150
    },
    "species" : {
        "default" : {
            "mass" : 1,
            "radius" : 1,
            "tau" : 0.2,
            "shape" : 0.2,
            "mean" : 0.2
        },
        "small" : {
            "mass" : 0.1,
            "radius" : 0.5,
            "tau" : 0.1,
            "shape" : 0.1,
            "mean" : 0.1
        }
    },
    "particles": {
        "1": {
            "position": [
                -0.823525437488362,
                5.901200136535508
            ],
            "velocity": [
                -0.840422886760571,
                0.3591812058229924
            ],
            "species": "small"
        },
        "2": {
            "position": [
                2.8709327177082002,
                -1.0852509941771196
            ],
            "velocity": [
                0.9002657626025075,
                -1.5078538487168214
            ],
            "species": "default"
        },
        "3": {
            "position": [
                2.272851129672617,
                9.1176383028245
            ],
            "velocity": [
                1.0241130716590678,
                0.15596047062288454
            ],
            "species": "default"
        },
        "4": {
            "position": [
                5.389263339449645,
                3.1538016085441214
            ],
            "velocity": [
                2.1998565628026494,
                -1.3351877966524197
            ],
            "species": "small"
        },
        "5": {
            "position": [
                3.9091958828132114,
                13.476582880491879
            ],
            "velocity": [
                0.18205944211114478,
                1.22019655270147
            ],
            "species": "small"
        },
        "6": {
            "position": [
                -3.817142174485177,
                -13.98179958522866
            ],
            "velocity": [
                -2.237927546877962,
                2.211001473921871
            ],
            "species": "small"
        },
        "7": {
            "position": [
                -4.037485820123148,
                11.180770231206822
            ],
            "velocity": [
                2.3205816929861856,
                -0.028696431263144806
            ],
            "species": "default"
        },
        "8": {
            "position": [
                -4.345688045878443,
                -1.5395810177689473
            ],
            "velocity": [
                0.13857545361493884,
                -0.966852635469531
            ],
            "species": "small"
        },
        "9": {
            "position": [
                14.54712497941728,
                10.22339936244444
            ],
            "velocity": [
                1.3679435792257744,
                0.4363675431301348
            ],
            "species": "default"
        },
        "10": {
            "position": [
                8.831065280349552,
                -3.146363995828146
            ],
            "velocity": [
                -2.1363890581530627,
                2.571353370779109
            ],
            "species": "default"
        },
        "11": {
            "position": [
                5.008045872811859,
                -0.10890409918524924
            ],
            "velocity": [
                -1.879946115270004,
                -2.6887616889118884
            ],
            "species": "small"
        },
        "12": {
            "position": [
                -2.7246113203842466,
                -8.3402126349187
            ],
            "velocity": [
                2.7561327777241864,
                -1.8810292151785204
            ],
            "species": "default"
        },
        "13": {
            "position": [
                4.095507993774241,
                -8.00395942777186
            ],
            "velocity": [
                0.39569211639675395,
                -2.5037812786136557
            ],
            "species": "small"
        },
        "14": {
            "position": [
                0.13589205611327948,
                0.10287030040054113
            ],
            "velocity": [
                -2.0351984100279408,
                -1.9768364949106043
            ],
            "species": "small"
        },
        "15": {
            "position": [
                14.09261277461244,
                -1.117376287193867
            ],
            "velocity": [
                -2.6993322303592246,
                1.2939530036082028
            ],
            "species": "default"
        },
        "16": {
            "position": [
                9.367101543654098,
                11.194840156670697
            ],
            "velocity": [
                2.920221962094949,
                1.04807436078395
            ],
            "species": "default"
        },
        "17": {
            "position": [
                3.7732455918158543,
                11.287328039389404
            ],
            "velocity": [
                -0.4935119814747546,
                -0.3455376631357012
            ],
            "species": "small"
        },
        "18": {
            "position": [
                -9.168535536170582,
                -2.426003149798907
            ],
            "velocity": [
                -1.7511938995528002,
                2.189297200347342
            ],
            "species": "default"
        },
        "19": {
            "position": [
                -0.4454297464199346,
                -5.578082633451491
            ],
            "velocity": [
                1.312746523408971,
                1.1379060887455168
            ],
            "species": "small"
        },
        "20": {
            "position": [
                10.092879831952896,
                -7.652590323601834
            ],
            "velocity": [
                1.0215065701027388,
                2.074268705300362
            ],
            "species": "default"
        },
        "21": {
            "position": [
                7.485180672574888,
                7.449712815392058
            ],
            "velocity": [
                2.8022328077066065,
                0.38088221556447976
            ],
            "species": "default"
        },
        "22": {
            "position": [
                -10.885309173758465,
                -9.818218831828206
            ],
            "velocity": [
                2.166662639359471,
                2.337004811676209
            ],
            "species": "small"
        },
        "23": {
            "position": [
                1.3790573575549878,
                -10.705277089219074
            ],
            "velocity": [
                -1.1118320840350555,
                -1.839326052425257
            ],
            "species": "small"
        },
        "24": {
            "position": [
                11.02891773191477,
                10.019427249727183
            ],
            "velocity": [
                -0.43372781701208485,
                1.5609456746009496
            ],
            "species": "small"
        },
        "25": {
            "position": [
                -13.519093760607914,
                9.613759898500376
            ],
            "velocity": [
                -1.6505661261596707,
                -0.1121149973060378
            ],
            "species": "small"
        },
        "26": {
            "position": [
                -11.156785227140045,
                12.860799320793358
            ],